book,strategy,cost_adjusted,formula,overfit,is_sharpe,oos_sharpe,oos_pnl,oos_dd,oos_dd_pct_avg_margin,full_sharpe,full_pnl,full_dd,full_dd_pct_avg_margin,hit_rate,win_days,turnover,avg_gross_exposure,avg_margin_used
SRW_HRW_PAIR,pair_price_mr_cargill_trend_conflict_flat_cost_control,True,"price-MR/Cargill pair signal, but flat when observable SRW/HRW trend strongly conflicts with MR",Low/moderate: observable trend-risk filter; avoids fighting strong pair trends but can undertrade.,1.0866781282635627,2.1453342348564277,26.671253648041397,-16.955673444980278,20.821759270137694,1.4618844092119825,51.553316758815214,-20.245804937638415,24.862078053671933,0.5066666666666667,38,0.004857603942515876,0.028170923709316256,81.4324727560264
SRW_HRW_PAIR,pair_price_mr_cargill_80_20_pair_trend_cost_control,True,"80% price-MR/Cargill pair signal + 20% SRW/HRW price-ratio trend, with fixed cost-control execution","Low/moderate: fixed 80/20 blend chosen as a trend-risk diversifier, not fitted coefficients.",0.9923225637880999,1.2908885373356187,36.37408619521007,-29.441327204675737,42.56157587720489,1.09836571040577,85.71838866022462,-29.44132720467576,42.56157587720492,0.5176470588235295,88,0.0031025610910352178,0.025156236139172762,69.17348946293107
SRW_HRW_PAIR,pair_price_mr_cargill_90_10_cost_control,True,"90% SRW/HRW price MR + 10% SRW/HRW Cargill physical family, with fixed cost-control execution","Low/moderate: round-number 10% Cargill physical overlay; no fitted coefficients, but still a researched blend.",1.5765832992731277,1.1289484977540596,26.68922258804173,-19.90968255687661,22.755886259737615,1.4031188495951143,84.6797695440186,-22.050536474552537,25.202787565681373,0.4785714285714286,67,0.005001591461476311,0.030535627887554886,87.49245065485829
